food_id,food_name,diet_type,calories,protein_g,carbs_g,fat_g,fiber_g,sugar_g,sodium_mg,iron_mg,potassium_mg,cholesterol_mg,glycemic_index,recommended_for,avoid_for
F0001,Oats,Veg,190,9.3,8.4,2.6,11.1,10.9,302,2.59,80,0,20,Hypertension,None
F0002,Lentils,Veg,264,8.5,35.4,20.2,0.1,16.1,357,2.59,334,0,24,Normal,Heart
F0003,Quinoa,Veg,244,4.3,50.8,15.1,12.1,14.6,274,0.84,437,0,20,Anemia|Obesity|Heart,Heart
F0004,Quinoa,Veg,73,23.5,46.4,24.6,12.8,17.3,194,1.74,700,0,68,Hypertension|Anemia,Heart
F0005,Banana,Veg,86,21.7,10.3,18.2,2.5,7.6,327,4.16,274,0,58,Normal|Diabetes,Diabetes
F0006,Papaya,Veg,255,10.1,12.7,23.6,13.1,6.3,335,3.05,708,0,44,Anemia,Diabetes
F0007,Lentils,Veg,325,9.9,35.1,22.4,6.0,4.4,70,3.11,143,0,63,Normal,None
F0008,Broccoli,Veg,266,21.3,23.1,14.9,7.0,5.0,283,5.18,61,0,58,Diabetes|Obesity|Heart,Heart
F0009,Boiled Egg,Non-Veg,200,15.8,27.2,23.8,13.1,5.3,256,4.6,569,116,21,Anemia|Obesity|Heart,Diabetes
F0010,Almonds,Veg,132,19.3,46.7,13.3,0.0,6.5,9,0.76,421,0,71,Hypertension|Diabetes,Diabetes
F0011,Quinoa,Veg,298,28.7,58.7,13.3,1.9,13.2,281,1.07,590,0,70,LowOxygen|Hypertension|Heart,Diabetes
F0012,Mutton Curry,Non-Veg,241,15.9,31.1,3.0,3.4,6.8,301,3.37,652,28,15,Obesity,None
F0013,Quinoa,Veg,66,30.2,4.3,6.0,10.0,4.3,67,4.37,634,0,51,Hypertension|LowOxygen,Hypertension
F0014,Millet,Veg,99,23.4,21.3,10.3,13.0,1.1,334,5.91,150,0,18,Obesity|Anemia,None
F0015,Carrot,Veg,147,19.2,8.4,4.6,6.9,17.5,38,2.71,613,0,21,Obesity,None
F0016,Apple,Veg,135,14.8,28.9,21.6,13.5,3.3,1,5.91,321,0,74,Anemia|LowOxygen,Hypertension
F0017,Carrot,Veg,201,8.4,3.5,18.4,0.9,6.3,25,3.55,564,0,73,Hypertension|Diabetes|Heart,None
F0018,Quinoa,Veg,84,24.0,14.1,3.0,13.4,4.9,304,0.33,133,0,41,Heart|Normal|Obesity,Heart
F0019,Salmon,Non-Veg,210,9.1,23.7,16.8,4.5,6.3,384,5.62,59,58,54,Diabetes|Normal|Heart,Diabetes
F0020,Fish Curry,Non-Veg,228,30.9,52.8,9.2,2.4,16.7,360,1.88,719,67,15,Normal|Heart|Anemia,None
F0021,Banana,Veg,109,31.3,44.5,3.9,4.2,4.2,175,1.3,699,0,69,Heart|LowOxygen,Heart
F0022,Quinoa,Veg,266,29.2,2.6,8.3,2.0,19.6,82,4.47,614,0,60,Heart|Diabetes,None
F0023,Spinach,Veg,329,2.2,22.2,13.8,6.4,0.8,186,5.4,90,0,72,Hypertension|Obesity,Diabetes
F0024,Almonds,Veg,336,31.1,24.4,15.5,2.3,18.6,83,5.86,231,0,71,Diabetes|Hypertension,Heart
F0025,Salmon,Non-Veg,186,6.4,42.1,9.6,0.6,9.4,102,4.92,521,44,34,Hypertension,None
F0026,Walnuts,Veg,218,10.5,4.2,19.3,5.3,10.2,347,5.89,599,0,36,Diabetes,Heart
F0027,Sweet Potato,Veg,185,2.3,35.8,8.6,11.8,8.7,261,0.78,640,0,27,Diabetes|Obesity,Hypertension
F0028,Chickpeas,Veg,325,24.4,56.4,18.4,3.0,8.6,340,5.53,688,0,35,Normal|Diabetes|Anemia,Heart
F0029,Chicken Soup,Non-Veg,256,24.7,33.3,4.8,10.0,7.6,383,5.43,680,72,34,Heart|Diabetes,Heart
F0030,Salmon,Non-Veg,270,27.7,36.4,8.1,6.6,13.5,261,2.89,223,84,20,Heart|Obesity,Heart
F0031,Apple,Veg,208,8.6,11.9,0.6,3.7,9.5,393,0.53,474,0,71,Heart|Hypertension|LowOxygen,Hypertension
F0032,Salmon,Non-Veg,125,23.3,0.3,18.8,11.6,2.1,217,1.39,762,66,44,Heart,Diabetes
F0033,Curd,Veg,118,28.2,40.1,24.7,8.9,19.0,226,3.71,786,0,72,LowOxygen|Heart|Normal,Diabetes
F0034,Egg White Omelette,Non-Veg,182,26.6,50.4,6.9,11.7,9.7,122,1.72,129,91,33,Anemia,Heart
F0035,Prawn Curry,Non-Veg,91,5.7,13.9,17.3,10.6,1.3,208,2.05,527,53,18,Normal,Hypertension
F0036,Chicken Breast,Non-Veg,60,30.1,45.9,9.5,0.1,7.0,385,2.4,479,68,62,Heart|Normal|Hypertension,Hypertension
F0037,Banana,Veg,273,17.5,23.3,16.7,12.0,14.5,239,5.53,687,0,49,LowOxygen,None
F0038,Paneer,Veg,119,30.5,10.9,6.5,4.9,9.1,172,4.59,438,0,32,Anemia|Diabetes,Hypertension
F0039,Lentils,Veg,76,35.0,21.0,16.3,11.7,13.0,386,0.28,303,0,27,Heart,Diabetes
F0040,Spinach,Veg,292,23.8,33.8,5.4,10.5,15.3,85,3.67,785,0,22,Anemia,None
F0041,Orange,Veg,344,24.0,57.5,9.9,10.7,1.5,353,5.0,298,0,21,Normal|Anemia|Heart,None
F0042,Almonds,Veg,322,15.6,22.2,12.6,5.1,17.0,250,0.72,420,0,55,Obesity|Hypertension,Hypertension
F0043,Chickpeas,Veg,188,21.9,55.2,19.4,7.0,16.5,303,1.68,301,0,68,Anemia,Hypertension
F0044,Curd,Veg,341,21.8,22.7,0.7,12.8,3.6,108,2.19,314,0,36,Heart|Obesity,Heart
F0045,Chickpeas,Veg,147,3.9,43.2,12.2,11.4,13.8,330,4.3,508,0,65,Diabetes,Heart
F0046,Walnuts,Veg,174,11.4,34.9,11.8,8.0,8.5,381,3.35,410,0,59,Anemia|Normal,Heart
F0047,Millet,Veg,148,11.7,44.6,23.8,10.4,3.8,378,2.96,791,0,52,Heart|Anemia|Diabetes,Diabetes
F0048,Salmon,Non-Veg,234,7.1,0.8,13.4,4.1,19.5,283,1.82,179,81,70,Diabetes|Normal,Heart
F0049,Egg White Omelette,Non-Veg,275,12.6,57.9,6.3,12.9,2.3,33,2.46,125,73,55,Diabetes|Hypertension|Obesity,Heart
F0050,Apple,Veg,110,20.0,25.0,14.9,9.3,15.5,194,2.76,503,0,34,LowOxygen|Anemia|Heart,None
F0051,Carrot,Veg,158,10.0,4.9,6.0,8.3,3.1,209,2.76,658,0,45,Diabetes|Hypertension,Heart
F0052,Egg White Omelette,Non-Veg,86,24.4,55.4,19.7,9.4,13.2,101,2.61,607,28,56,Anemia,Diabetes
F0053,Brown Rice,Veg,134,27.9,35.7,20.6,13.8,8.8,239,4.16,766,0,40,Heart|Normal,Hypertension
F0054,Boiled Egg,Non-Veg,70,31.2,44.1,15.1,0.4,4.6,345,5.03,639,75,75,Normal,Heart
F0055,Broccoli,Veg,290,18.6,26.5,7.0,15.0,8.7,251,5.82,531,0,37,Anemia|Normal,None
F0056,Papaya,Veg,260,24.6,17.3,23.6,12.2,11.0,232,0.62,308,0,35,Normal,Hypertension
F0057,Lentils,Veg,286,15.1,11.3,9.0,11.3,12.5,389,0.4,323,0,50,Anemia,Hypertension
F0058,Boiled Egg,Non-Veg,64,34.1,36.5,6.0,2.4,11.0,282,2.51,280,107,73,LowOxygen,None
F0059,Tofu,Veg,199,18.3,16.4,20.9,14.7,4.9,282,0.95,245,0,73,Heart|Obesity|Hypertension,None
F0060,Mutton Curry,Non-Veg,224,32.8,30.5,20.5,4.2,6.0,300,3.52,725,62,70,LowOxygen,Hypertension
F0061,Chicken Soup,Non-Veg,332,26.9,22.6,23.3,13.0,19.6,122,3.47,289,109,64,Diabetes|Anemia,Hypertension
F0062,Mutton Curry,Non-Veg,127,17.8,2.2,12.6,8.9,17.4,225,0.69,517,1,61,LowOxygen,Diabetes
F0063,Tofu,Veg,185,12.5,41.6,16.2,12.8,17.0,273,2.34,374,0,55,Normal|LowOxygen|Heart,None
F0064,Apple,Veg,197,34.9,44.8,10.8,1.5,12.7,51,2.72,760,0,34,Diabetes,Heart
F0065,Orange,Veg,233,13.7,8.7,13.3,8.5,15.9,87,1.13,674,0,70,Heart|Obesity,Diabetes
F0066,Chicken Breast,Non-Veg,123,8.9,38.3,11.5,10.0,18.0,238,5.42,743,69,25,LowOxygen,Heart
F0067,Mutton Curry,Non-Veg,178,16.5,18.1,25.0,12.8,2.1,195,3.47,638,37,59,Diabetes|Obesity,Hypertension
F0068,Grilled Chicken,Non-Veg,339,30.4,46.7,24.3,13.7,14.9,146,4.68,285,77,66,Hypertension|Obesity,Diabetes
F0069,Fish Curry,Non-Veg,99,31.7,38.8,7.7,6.6,11.6,374,0.88,352,41,62,Hypertension|Normal,Diabetes
F0070,Prawn Curry,Non-Veg,306,32.1,49.8,6.4,12.4,9.6,151,4.5,396,102,22,Diabetes|Hypertension,Diabetes
F0071,Prawn Curry,Non-Veg,237,4.1,23.7,6.6,1.9,7.4,383,4.07,648,48,67,Anemia|Diabetes|Hypertension,Hypertension
F0072,Beetroot,Veg,337,12.2,36.6,16.2,9.5,9.3,358,1.88,468,0,22,Diabetes,None
F0073,Egg White Omelette,Non-Veg,109,4.3,53.2,3.4,6.8,13.4,380,4.21,603,53,52,Obesity|Hypertension|LowOxygen,None
F0074,Chicken Breast,Non-Veg,258,32.9,16.8,17.3,3.3,8.9,120,5.15,151,87,38,Obesity|Anemia|Diabetes,Hypertension
F0075,Salmon,Non-Veg,112,33.3,49.5,2.3,3.2,12.8,10,0.4,391,31,23,Hypertension|Diabetes|Heart,Diabetes
F0076,Apple,Veg,218,27.3,47.3,14.9,4.2,19.7,66,3.29,228,0,22,Normal|Diabetes|Hypertension,None
F0077,Salmon,Non-Veg,215,1.5,15.9,3.2,6.3,2.3,32,2.91,420,65,52,LowOxygen,Diabetes
F0078,Chickpeas,Veg,204,16.6,57.8,1.5,7.2,8.0,351,0.74,779,0,73,Diabetes|Normal,Heart
F0079,Quinoa,Veg,114,10.4,38.0,13.7,4.9,19.9,271,1.84,567,0,53,Diabetes|Obesity,None
F0080,Paneer,Veg,281,31.2,24.8,20.7,6.0,14.6,160,2.62,731,0,31,Hypertension|Obesity,Hypertension
F0081,Quinoa,Veg,93,4.2,5.8,18.5,12.2,11.1,300,5.74,625,0,36,Diabetes|LowOxygen|Anemia,Hypertension
F0082,Orange,Veg,209,13.0,34.7,5.3,9.9,4.5,55,2.17,619,0,38,Normal,Heart
F0083,Paneer,Veg,337,34.1,49.1,15.3,9.6,0.5,336,4.99,323,0,16,Anemia,Heart
F0084,Chicken Soup,Non-Veg,53,7.2,8.6,16.4,1.0,14.8,15,0.64,593,27,39,LowOxygen|Anemia,Diabetes
F0085,Tuna,Non-Veg,216,27.4,34.1,2.1,0.8,3.1,316,0.39,133,34,43,LowOxygen|Normal|Heart,Hypertension
F0086,Tuna,Non-Veg,160,26.7,6.8,10.7,4.2,13.6,249,3.21,365,5,29,Heart|Diabetes,None
F0087,Orange,Veg,158,27.1,45.8,7.2,1.8,9.9,220,1.14,439,0,49,Hypertension|Heart|Obesity,Heart
F0088,Walnuts,Veg,71,15.8,27.6,1.9,4.7,8.6,207,4.29,477,0,33,LowOxygen,None
F0089,Fish Curry,Non-Veg,285,29.3,55.2,2.2,12.7,4.9,301,2.46,130,50,70,Obesity|Anemia,Diabetes
F0090,Fish Curry,Non-Veg,89,18.4,6.8,12.7,13.6,7.0,372,5.75,710,104,24,Diabetes,Diabetes
F0091,Salmon,Non-Veg,138,21.5,45.6,16.4,2.7,15.5,252,2.84,627,97,52,Obesity|Heart,Heart
F0092,Fish Curry,Non-Veg,275,3.3,26.5,7.6,4.1,1.1,259,0.54,522,57,17,Anemia,Heart
F0093,Quinoa,Veg,309,14.1,34.8,23.9,11.1,0.8,292,3.95,379,0,53,Heart|Hypertension,None
F0094,Boiled Egg,Non-Veg,225,34.4,5.1,16.2,0.6,14.2,224,3.19,674,20,38,Anemia|LowOxygen,Hypertension
F0095,Chicken Breast,Non-Veg,76,27.8,38.8,1.6,1.4,13.6,145,1.59,722,116,53,Anemia,None
F0096,Almonds,Veg,208,33.9,41.9,9.8,8.9,18.8,158,3.4,708,0,65,Normal|Hypertension,None
F0097,Prawn Curry,Non-Veg,235,1.6,18.5,23.8,5.1,15.3,98,1.44,190,19,19,Normal|Diabetes,None
F0098,Chicken Breast,Non-Veg,117,21.3,9.3,4.5,10.4,12.5,84,4.35,94,52,38,Obesity|Hypertension|LowOxygen,Heart
F0099,Salmon,Non-Veg,323,9.1,57.9,19.6,13.6,3.9,347,5.69,501,59,64,Normal|LowOxygen,Hypertension
F0100,Carrot,Veg,120,30.7,3.1,12.0,5.6,18.7,364,5.09,177,0,33,Normal,Diabetes
F0101,Egg White Omelette,Non-Veg,312,6.0,26.2,23.7,3.3,9.0,178,5.59,474,6,40,Anemia|Hypertension|LowOxygen,None
F0102,Salmon,Non-Veg,64,11.8,5.9,17.9,5.0,2.9,19,1.79,533,89,68,Normal,Hypertension
F0103,Chicken Breast,Non-Veg,52,31.8,1.1,5.4,2.2,18.8,311,3.21,163,99,33,Anemia,None
F0104,Apple,Veg,264,22.7,37.4,1.6,12.6,10.0,274,0.2,577,0,51,Obesity,Diabetes
F0105,Mutton Curry,Non-Veg,50,21.9,14.4,10.4,10.0,1.7,184,0.5,588,69,47,Heart|Diabetes|LowOxygen,Hypertension
F0106,Walnuts,Veg,241,9.6,1.0,19.7,5.2,14.7,321,0.71,645,0,62,Hypertension|Diabetes,Heart
F0107,Fish Curry,Non-Veg,287,34.3,28.7,4.6,2.0,14.3,234,0.32,256,5,65,Diabetes,Heart
F0108,Prawn Curry,Non-Veg,253,34.6,32.6,6.3,11.3,3.8,182,5.19,98,110,56,Anemia|Diabetes,Heart
F0109,Mutton Curry,Non-Veg,275,31.4,23.2,24.3,7.4,10.0,265,1.67,134,93,42,LowOxygen,Diabetes
F0110,Chicken Soup,Non-Veg,102,3.7,39.7,7.7,9.0,8.5,353,2.72,507,5,61,Heart|LowOxygen,Heart
F0111,Quinoa,Veg,257,13.4,48.1,17.0,14.3,2.9,311,4.1,498,0,17,Diabetes,Diabetes
F0112,Chicken Soup,Non-Veg,246,33.3,1.9,3.8,6.7,7.4,227,4.6,637,17,48,LowOxygen|Anemia,Heart
F0113,Millet,Veg,63,26.0,29.9,9.7,8.4,5.2,133,4.25,269,0,54,Obesity|LowOxygen,Diabetes
F0114,Spinach,Veg,87,16.4,53.9,11.1,1.3,13.6,163,4.04,776,0,19,Heart|Anemia|Obesity,Diabetes
F0115,Almonds,Veg,310,8.6,59.1,19.8,3.6,9.9,184,3.37,427,0,44,Hypertension|Heart|Diabetes,None
F0116,Mutton Curry,Non-Veg,295,18.9,46.1,20.6,1.1,19.4,328,0.54,527,87,48,Hypertension|Heart,Diabetes
F0117,Paneer,Veg,307,32.0,3.3,3.1,2.3,3.3,165,5.61,280,0,37,Anemia|Diabetes|Normal,Diabetes
F0118,Fish Curry,Non-Veg,205,21.9,5.6,16.0,8.9,11.6,87,3.99,787,115,53,Normal|Heart,None
F0119,Quinoa,Veg,73,33.3,46.3,6.6,3.2,11.4,316,3.87,559,0,71,Heart|Anemia|Obesity,Hypertension
F0120,Walnuts,Veg,202,16.4,41.3,4.0,6.2,9.3,174,3.68,370,0,70,Anemia|Obesity|Normal,Hypertension
F0121,Almonds,Veg,313,20.1,19.1,11.7,4.0,5.0,49,0.4,443,0,70,LowOxygen|Hypertension|Obesity,Heart
F0122,Salmon,Non-Veg,131,17.9,30.9,12.5,4.6,0.5,201,3.08,296,27,52,Diabetes|Normal,Heart
F0123,Chicken Breast,Non-Veg,290,10.7,0.5,2.7,2.0,5.3,187,4.61,424,5,40,Heart,Diabetes
F0124,Prawn Curry,Non-Veg,197,3.5,30.3,19.1,4.2,19.8,348,3.71,181,12,40,Normal|Anemia,Heart
F0125,Carrot,Veg,310,14.6,2.4,1.0,10.7,16.1,265,2.8,670,0,72,Hypertension|Anemia|Heart,Heart
F0126,Walnuts,Veg,203,21.2,30.4,12.7,7.3,11.3,243,4.91,427,0,36,Diabetes|LowOxygen|Heart,Heart
F0127,Beetroot,Veg,292,10.0,39.3,24.3,8.7,4.6,26,3.54,224,0,48,Obesity|Heart|LowOxygen,Diabetes
F0128,Brown Rice,Veg,343,33.2,6.6,0.5,4.7,3.0,353,1.3,563,0,64,LowOxygen|Obesity|Diabetes,Diabetes
F0129,Lentils,Veg,216,34.9,28.7,9.4,14.4,9.2,272,2.12,412,0,58,Obesity|Normal|Anemia,Hypertension
F0130,Apple,Veg,192,20.0,13.5,24.3,4.5,5.8,106,4.17,550,0,35,Anemia|Heart,Heart
F0131,Boiled Egg,Non-Veg,343,24.0,22.8,24.5,12.3,19.1,74,1.81,344,91,20,LowOxygen|Obesity,Heart
F0132,Salmon,Non-Veg,153,29.2,16.3,14.1,4.1,2.2,379,3.56,298,6,57,Hypertension|Obesity|Normal,None
F0133,Paneer,Veg,219,25.4,6.0,19.3,0.1,11.0,80,2.5,537,0,45,Hypertension|Anemia|Obesity,Heart
F0134,Quinoa,Veg,343,8.9,44.3,21.3,0.6,18.4,213,5.31,230,0,74,Normal,Hypertension
F0135,Fish Curry,Non-Veg,198,30.8,0.6,14.2,1.6,19.7,145,2.78,706,69,48,Hypertension|Heart,Hypertension
F0136,Salmon,Non-Veg,107,12.2,43.9,16.2,10.8,0.3,172,4.77,631,86,63,Hypertension,Hypertension
F0137,Prawn Curry,Non-Veg,217,3.9,40.2,4.6,2.1,6.5,127,0.14,442,30,43,Anemia|Normal,None
F0138,Chicken Soup,Non-Veg,170,3.1,7.1,7.7,6.1,10.1,360,4.64,756,15,55,Anemia|Heart,Diabetes
F0139,Spinach,Veg,294,6.2,44.9,15.1,6.2,11.0,241,4.57,730,0,67,Normal,Diabetes
F0140,Chickpeas,Veg,278,19.0,21.7,22.9,1.7,16.6,258,1.29,599,0,24,Anemia,Hypertension
F0141,Carrot,Veg,348,17.6,53.9,11.1,0.8,2.6,212,2.8,109,0,50,Obesity|Anemia,None
F0142,Tuna,Non-Veg,51,26.4,34.7,1.1,5.2,1.3,30,5.61,120,119,45,Anemia,Hypertension
F0143,Spinach,Veg,265,13.7,53.5,11.2,13.8,7.5,41,4.13,727,0,70,Hypertension|Obesity|Anemia,None
F0144,Lentils,Veg,251,19.0,43.7,5.6,0.1,0.5,152,2.83,786,0,49,Heart|LowOxygen,Diabetes
F0145,Curd,Veg,227,6.3,11.3,21.9,11.5,0.6,338,2.57,66,0,30,Diabetes,None
F0146,Curd,Veg,74,9.3,2.7,11.0,8.1,15.1,397,0.43,565,0,33,Normal,Heart
F0147,Salmon,Non-Veg,204,30.8,59.1,13.0,6.2,5.5,285,5.7,229,80,58,Heart|LowOxygen,None
F0148,Mutton Curry,Non-Veg,318,11.8,25.0,3.7,5.6,15.1,242,1.52,280,38,69,Hypertension|LowOxygen|Diabetes,Hypertension
F0149,Prawn Curry,Non-Veg,321,5.6,14.6,5.1,9.7,18.4,189,0.65,791,106,27,Anemia,Hypertension
F0150,Quinoa,Veg,146,28.4,35.3,16.8,3.3,4.2,170,1.89,65,0,28,Obesity,None
F0151,Salmon,Non-Veg,154,14.5,14.4,8.0,4.2,9.3,332,2.22,317,46,47,LowOxygen|Diabetes,Hypertension
F0152,Salmon,Non-Veg,239,11.6,2.7,21.6,11.1,0.3,283,5.62,643,92,41,Hypertension|Normal,Heart
F0153,Walnuts,Veg,341,29.3,30.0,16.4,10.3,5.1,250,5.8,707,0,62,LowOxygen|Hypertension,Heart
F0154,Spinach,Veg,329,17.6,55.0,13.6,9.6,1.2,17,5.05,126,0,75,Diabetes|Normal|LowOxygen,Diabetes
F0155,Quinoa,Veg,127,1.3,30.3,9.3,9.3,13.3,315,5.49,725,0,46,Diabetes,Hypertension
F0156,Oats,Veg,321,25.6,32.1,7.2,7.5,14.0,220,4.86,233,0,21,Heart,Diabetes
F0157,Carrot,Veg,319,9.6,21.3,19.9,1.2,19.2,235,3.43,763,0,29,Obesity|Diabetes,None
F0158,Walnuts,Veg,244,13.8,28.6,15.9,10.5,1.7,222,3.9,389,0,51,Heart,None
F0159,Carrot,Veg,340,17.2,2.8,1.9,13.9,18.0,288,3.98,233,0,74,Diabetes|Hypertension,Diabetes
F0160,Boiled Egg,Non-Veg,203,6.5,14.4,20.9,5.8,17.9,169,2.36,193,101,59,Diabetes|Heart|Anemia,None
F0161,Paneer,Veg,168,29.5,20.4,19.2,14.3,7.9,396,2.03,699,0,32,LowOxygen|Hypertension,Heart
F0162,Mutton Curry,Non-Veg,145,24.1,39.6,2.1,9.3,16.0,365,0.53,324,19,39,Normal|Obesity|Hypertension,Hypertension
F0163,Chicken Soup,Non-Veg,104,4.1,56.6,11.1,11.4,2.0,44,1.21,509,71,50,LowOxygen|Diabetes|Obesity,None
F0164,Prawn Curry,Non-Veg,97,21.3,47.1,21.6,0.2,8.3,398,0.6,622,115,30,Heart|Hypertension|LowOxygen,Diabetes
F0165,Banana,Veg,204,10.1,8.8,4.2,4.1,6.0,400,0.55,307,0,75,Obesity,Hypertension
F0166,Curd,Veg,104,5.6,0.4,9.9,12.6,7.6,168,2.7,490,0,67,Heart|Hypertension|Anemia,Heart
F0167,Tofu,Veg,210,7.0,23.9,8.0,11.0,12.7,294,4.71,383,0,39,Normal|LowOxygen,Heart
F0168,Sweet Potato,Veg,152,21.1,32.7,17.0,8.3,19.1,236,5.66,264,0,43,Normal|Obesity,None
F0169,Egg White Omelette,Non-Veg,121,22.5,14.5,16.5,10.7,15.8,37,2.75,662,61,52,Heart|Normal,Hypertension
F0170,Almonds,Veg,324,21.2,54.9,2.7,3.7,13.3,85,3.92,95,0,51,Obesity|Normal|LowOxygen,Heart
F0171,Boiled Egg,Non-Veg,55,4.4,13.3,18.7,8.4,13.8,113,2.73,450,59,64,Heart|Obesity|Normal,Diabetes
F0172,Grilled Chicken,Non-Veg,297,4.6,25.0,24.0,1.7,18.8,72,2.16,401,58,65,Heart,Hypertension
F0173,Egg White Omelette,Non-Veg,99,15.9,41.8,8.0,4.5,16.2,58,0.23,401,82,21,Normal|Hypertension|Obesity,Diabetes
F0174,Papaya,Veg,336,15.5,27.7,19.9,9.4,3.7,336,2.65,79,0,62,Hypertension|LowOxygen|Heart,Hypertension
F0175,Grilled Chicken,Non-Veg,159,8.0,45.1,20.2,0.9,2.0,274,1.2,383,25,44,Anemia,Hypertension
F0176,Chicken Breast,Non-Veg,248,21.8,35.2,8.7,12.7,12.3,344,4.27,354,117,54,Diabetes|Obesity|Hypertension,Heart
F0177,Apple,Veg,206,5.0,22.4,3.5,5.8,11.9,294,2.36,240,0,46,Heart|Obesity|Hypertension,Diabetes
F0178,Tuna,Non-Veg,121,7.4,50.5,15.5,13.0,19.0,248,0.91,443,71,47,LowOxygen|Normal|Obesity,Hypertension
F0179,Egg White Omelette,Non-Veg,135,3.8,1.9,19.0,4.4,5.5,275,1.8,518,72,62,Heart|Normal,None
F0180,Banana,Veg,328,29.0,22.0,20.6,0.6,14.4,279,1.39,485,0,21,Normal|Obesity|Hypertension,Heart
F0181,Curd,Veg,184,12.9,49.0,11.0,14.9,15.5,121,1.34,652,0,59,Normal|Obesity,Hypertension
F0182,Beetroot,Veg,121,27.7,48.8,20.1,8.6,10.6,305,3.28,381,0,60,Anemia|Heart,Heart
F0183,Spinach,Veg,260,32.2,59.5,21.7,1.9,17.3,127,0.96,379,0,68,Normal,Hypertension
F0184,Fish Curry,Non-Veg,345,22.5,37.7,9.4,1.1,15.9,393,0.65,577,95,32,Anemia|LowOxygen|Obesity,Heart
F0185,Quinoa,Veg,284,22.6,41.8,21.3,11.9,8.0,219,4.97,556,0,32,Normal|Anemia,Heart
F0186,Sweet Potato,Veg,298,27.8,53.6,19.1,0.7,12.5,235,0.2,211,0,43,Diabetes|LowOxygen,Diabetes
F0187,Orange,Veg,131,30.7,52.6,2.3,5.4,1.6,340,5.43,219,0,18,Obesity|Anemia,Diabetes
F0188,Boiled Egg,Non-Veg,98,1.0,28.6,3.3,3.4,13.6,4,0.15,401,104,22,Obesity|Hypertension,Hypertension
F0189,Apple,Veg,246,4.0,48.4,2.6,5.5,6.0,195,4.66,186,0,56,Hypertension|Diabetes|Heart,None
F0190,Curd,Veg,229,25.6,37.7,3.8,6.2,13.7,111,0.61,152,0,23,Heart,Hypertension
F0191,Mutton Curry,Non-Veg,211,27.9,14.9,16.1,3.7,12.0,369,3.68,757,3,69,Anemia|Hypertension|Heart,Diabetes
F0192,Tuna,Non-Veg,77,27.6,47.6,6.0,5.8,4.8,326,3.6,590,113,15,Anemia|Hypertension,Hypertension
F0193,Chicken Soup,Non-Veg,329,24.2,45.8,23.9,11.6,0.3,34,0.18,270,5,74,Normal,Hypertension
F0194,Prawn Curry,Non-Veg,262,15.4,24.1,16.0,8.1,3.1,42,1.93,573,117,28,Heart,Heart
F0195,Chicken Breast,Non-Veg,83,11.5,26.2,23.8,3.6,4.9,222,0.78,676,77,18,Obesity|Normal,Diabetes
F0196,Oats,Veg,120,24.9,9.8,23.8,7.8,15.7,369,1.63,430,0,23,Normal|Anemia|Diabetes,None
F0197,Mutton Curry,Non-Veg,189,18.8,15.8,24.4,9.4,9.9,261,2.22,561,109,51,Anemia,Diabetes
F0198,Boiled Egg,Non-Veg,343,23.9,6.9,18.5,0.0,17.2,6,1.54,533,46,39,Hypertension,None
F0199,Salmon,Non-Veg,214,9.4,55.0,8.0,12.4,11.4,61,3.06,103,22,29,Diabetes|LowOxygen|Normal,Hypertension
F0200,Tuna,Non-Veg,217,3.9,27.4,9.2,4.4,15.7,378,3.77,525,47,52,Normal|Hypertension,Diabetes
F0201,Oats,Veg,259,1.8,32.5,15.9,10.4,0.2,171,0.11,723,0,39,Obesity|Anemia|Diabetes,Diabetes
F0202,Paneer,Veg,301,33.7,58.4,3.6,4.2,0.9,118,5.39,582,0,41,Anemia|LowOxygen|Diabetes,None
F0203,Walnuts,Veg,88,21.1,3.7,16.6,2.0,5.8,161,5.56,452,0,59,Anemia|Normal|LowOxygen,Heart
F0204,Quinoa,Veg,153,5.6,46.2,2.7,1.6,9.0,160,2.5,598,0,37,LowOxygen,Heart
F0205,Tuna,Non-Veg,111,4.1,48.5,7.6,10.6,12.1,110,5.03,385,18,20,Hypertension|Anemia|LowOxygen,None
F0206,Tuna,Non-Veg,139,2.1,24.3,11.3,11.2,5.0,236,0.7,193,15,15,Normal,Diabetes
F0207,Carrot,Veg,255,13.7,37.8,16.1,8.7,5.2,38,0.23,116,0,27,LowOxygen|Hypertension|Diabetes,Heart
F0208,Brown Rice,Veg,286,2.7,55.4,10.8,10.9,9.9,195,4.13,226,0,37,Hypertension,Heart
F0209,Egg White Omelette,Non-Veg,126,2.2,37.2,6.1,4.4,8.2,281,2.93,139,35,39,LowOxygen,Diabetes
F0210,Lentils,Veg,59,34.6,46.9,9.0,8.2,9.7,289,3.06,447,0,32,Diabetes,Heart
F0211,Oats,Veg,193,3.0,59.5,13.2,11.5,20.0,81,0.69,722,0,30,Heart|Obesity,None
F0212,Sweet Potato,Veg,248,13.1,50.4,21.1,2.6,11.9,377,4.22,655,0,16,Obesity|Anemia|Heart,Diabetes
F0213,Tofu,Veg,327,11.5,29.4,2.3,3.5,4.4,269,2.92,389,0,73,Hypertension|Normal|Anemia,Diabetes
F0214,Grilled Chicken,Non-Veg,61,6.0,42.3,3.5,1.7,10.5,186,5.77,432,90,75,LowOxygen|Heart|Diabetes,Heart
F0215,Chicken Soup,Non-Veg,119,34.2,43.9,10.9,9.6,9.7,162,1.13,625,88,71,Normal|Anemia|Hypertension,Diabetes
F0216,Tuna,Non-Veg,200,5.3,43.7,23.7,14.2,7.8,394,5.79,83,23,53,Normal|Heart,Diabetes
F0217,Tofu,Veg,122,12.3,4.7,8.7,4.8,12.7,45,4.95,736,0,55,Anemia|LowOxygen|Diabetes,Heart
F0218,Apple,Veg,84,12.9,47.2,18.0,0.7,8.8,214,5.82,473,0,46,Anemia|Heart,Hypertension
F0219,Tofu,Veg,345,23.1,41.2,4.1,1.1,16.9,150,0.22,317,0,75,Diabetes,Heart
F0220,Walnuts,Veg,132,25.9,32.8,22.5,1.4,11.9,314,5.37,771,0,16,Obesity|Hypertension,Hypertension
F0221,Brown Rice,Veg,101,12.3,58.5,10.2,8.3,18.5,276,1.67,338,0,34,Diabetes,None
F0222,Chicken Breast,Non-Veg,331,29.6,9.2,9.0,6.4,5.9,338,3.79,541,25,21,Hypertension,Diabetes
F0223,Boiled Egg,Non-Veg,292,29.7,18.5,9.9,7.3,13.2,46,3.89,446,23,38,Anemia|Hypertension,Hypertension
F0224,Banana,Veg,275,16.8,13.6,6.7,0.9,15.0,341,0.67,734,0,37,LowOxygen|Heart|Hypertension,None
F0225,Prawn Curry,Non-Veg,264,33.8,41.2,23.4,8.6,4.7,153,0.57,781,4,47,Heart|Normal|Obesity,Diabetes
F0226,Curd,Veg,138,33.3,10.0,5.3,2.9,0.9,40,5.93,495,0,27,Hypertension|Heart|Anemia,Heart
F0227,Quinoa,Veg,248,19.9,33.1,21.4,7.8,18.3,6,4.74,688,0,52,Normal|LowOxygen|Diabetes,Hypertension
F0228,Spinach,Veg,340,21.0,45.5,23.5,13.9,11.3,51,4.74,598,0,71,LowOxygen|Anemia,Hypertension
F0229,Chicken Breast,Non-Veg,292,2.3,16.5,3.6,9.1,13.9,19,2.44,389,88,30,Obesity,Hypertension
F0230,Chicken Soup,Non-Veg,60,12.5,47.6,7.8,12.6,17.2,350,0.68,283,17,34,LowOxygen|Anemia|Obesity,Hypertension
F0231,Carrot,Veg,276,8.2,49.4,18.5,11.4,17.3,28,3.14,212,0,19,Obesity|Heart,Hypertension
F0232,Chickpeas,Veg,341,2.0,11.6,20.8,12.6,5.0,233,0.4,419,0,60,Anemia,Heart
F0233,Prawn Curry,Non-Veg,253,22.6,7.4,0.8,5.6,11.9,90,5.77,535,75,50,Anemia|Hypertension,Heart
F0234,Orange,Veg,64,14.1,9.8,14.3,14.5,17.1,331,1.43,261,0,32,LowOxygen|Heart|Diabetes,None
F0235,Fish Curry,Non-Veg,138,21.4,0.5,6.3,12.1,6.1,363,3.89,483,114,39,LowOxygen|Anemia,Diabetes
F0236,Tuna,Non-Veg,316,29.0,23.8,2.6,7.7,13.2,191,3.41,658,77,33,Obesity|Diabetes,Hypertension
F0237,Papaya,Veg,191,22.8,51.7,6.5,10.7,17.8,152,1.21,579,0,63,Diabetes,Hypertension
F0238,Fish Curry,Non-Veg,63,23.3,59.8,6.5,6.3,7.8,18,3.54,635,104,27,Obesity|Normal,Diabetes
F0239,Chicken Soup,Non-Veg,309,11.2,10.2,16.4,8.4,5.9,241,0.85,314,92,66,Normal|Hypertension|Anemia,None
F0240,Almonds,Veg,164,26.3,18.4,19.7,5.0,5.2,150,2.84,170,0,45,Normal,None
F0241,Salmon,Non-Veg,306,5.1,40.8,13.2,6.2,17.4,77,0.91,255,43,41,LowOxygen|Hypertension|Anemia,Diabetes
F0242,Tofu,Veg,220,22.5,10.6,15.9,0.1,5.5,389,4.66,640,0,63,LowOxygen,None
F0243,Beetroot,Veg,272,22.5,24.2,24.1,5.7,0.8,102,4.41,64,0,72,Normal|Heart,Diabetes
F0244,Oats,Veg,177,8.7,52.6,7.8,1.5,10.1,156,1.09,96,0,34,LowOxygen|Obesity,Heart
F0245,Fish Curry,Non-Veg,225,34.9,29.4,18.8,2.5,18.1,206,0.21,279,93,23,Obesity,None
F0246,Millet,Veg,237,25.2,47.5,9.4,9.6,15.4,319,0.39,99,0,57,Obesity,None
F0247,Millet,Veg,263,16.1,7.4,6.3,10.5,4.1,351,3.82,358,0,41,Diabetes|Obesity|Heart,Heart
F0248,Paneer,Veg,103,18.4,37.1,7.1,11.8,10.0,311,1.28,319,0,68,Hypertension|Anemia|LowOxygen,Heart
F0249,Brown Rice,Veg,330,17.9,12.5,23.3,5.0,0.1,343,0.63,163,0,68,Obesity|LowOxygen|Hypertension,None
F0250,Millet,Veg,181,22.9,27.4,24.4,4.0,1.0,89,5.26,347,0,38,Anemia|LowOxygen|Diabetes,None
F0251,Oats,Veg,120,23.6,10.2,8.9,6.6,12.4,375,0.65,400,0,26,LowOxygen,Hypertension
F0252,Tuna,Non-Veg,247,24.5,28.7,10.5,13.3,3.3,67,4.21,110,120,69,Diabetes,Hypertension
F0253,Chicken Breast,Non-Veg,274,7.2,22.8,9.0,0.4,13.7,372,5.84,183,61,73,Diabetes|LowOxygen,Hypertension
F0254,Quinoa,Veg,183,23.3,0.7,21.7,7.9,14.9,370,3.43,735,0,70,Heart|Normal,None
F0255,Salmon,Non-Veg,296,12.8,40.6,9.6,12.6,11.2,313,0.42,708,119,25,Normal|LowOxygen|Obesity,Diabetes
F0256,Tofu,Veg,214,9.2,58.2,1.3,3.3,12.9,206,4.92,130,0,44,Normal|Heart,Hypertension
F0257,Tofu,Veg,278,11.7,58.8,18.6,0.3,8.1,18,3.39,50,0,67,Normal,Heart
F0258,Curd,Veg,224,13.4,3.3,5.6,6.8,11.2,317,3.64,783,0,57,Obesity|LowOxygen,None
F0259,Apple,Veg,51,12.6,49.8,24.1,4.4,10.4,359,0.73,218,0,46,Normal,Hypertension
F0260,Banana,Veg,150,7.4,55.8,9.8,6.9,15.6,366,2.09,474,0,17,Normal|Obesity|Heart,None
F0261,Egg White Omelette,Non-Veg,308,5.6,29.9,13.3,0.7,18.7,299,2.95,570,99,73,Obesity,Diabetes
F0262,Millet,Veg,248,23.4,36.4,8.0,13.2,8.4,311,5.5,304,0,32,Anemia|Normal,Hypertension
F0263,Spinach,Veg,261,21.5,53.2,12.8,12.6,11.0,160,4.3,616,0,55,Hypertension,Diabetes
F0264,Chicken Soup,Non-Veg,117,34.4,39.0,24.0,7.6,13.9,165,4.29,410,71,45,Heart|Obesity|LowOxygen,Heart
F0265,Grilled Chicken,Non-Veg,317,4.6,22.9,1.3,0.8,5.3,82,5.9,749,32,24,Obesity,Heart
F0266,Lentils,Veg,66,13.2,27.2,15.4,10.1,11.2,114,4.48,624,0,39,Heart,Heart
F0267,Walnuts,Veg,248,15.2,47.3,17.1,14.5,1.1,380,1.58,685,0,70,Normal|Hypertension,Heart
F0268,Carrot,Veg,200,16.3,59.0,1.9,14.4,14.7,61,2.33,488,0,32,Anemia|Hypertension|Obesity,Heart
F0269,Papaya,Veg,288,25.1,9.3,3.8,4.8,1.0,320,3.73,727,0,34,Normal|Heart,Heart
F0270,Papaya,Veg,319,8.5,11.0,1.7,7.6,8.3,274,2.48,407,0,29,Obesity,Heart
F0271,Chicken Soup,Non-Veg,200,8.4,45.2,13.3,14.9,16.5,332,0.15,734,44,43,Obesity,Diabetes
F0272,Papaya,Veg,245,32.1,56.7,9.6,8.1,5.7,264,4.95,433,0,47,LowOxygen|Normal|Diabetes,Heart
F0273,Papaya,Veg,313,3.8,5.8,24.3,11.6,10.7,320,0.49,736,0,55,Normal,Hypertension
F0274,Carrot,Veg,325,29.2,52.7,18.5,6.5,16.3,36,4.51,207,0,16,Obesity|Anemia,None
F0275,Quinoa,Veg,77,7.1,15.1,1.8,12.3,18.2,208,2.39,695,0,40,Anemia|Diabetes,Hypertension
F0276,Lentils,Veg,53,22.8,37.1,18.9,8.8,14.0,37,2.21,564,0,21,Normal|Obesity,Heart
F0277,Orange,Veg,274,14.0,49.3,0.8,2.3,4.4,382,2.41,608,0,33,Hypertension|Anemia|Obesity,None
F0278,Millet,Veg,71,1.2,35.8,13.4,14.2,6.1,383,4.47,793,0,37,LowOxygen,Diabetes
F0279,Broccoli,Veg,163,22.0,15.2,2.9,10.1,11.3,27,5.12,612,0,44,Heart|Diabetes|Anemia,None
F0280,Boiled Egg,Non-Veg,151,25.7,29.2,8.3,1.9,13.1,51,1.78,121,115,27,LowOxygen|Normal,Heart
F0281,Chicken Breast,Non-Veg,128,20.2,21.9,7.9,6.4,0.1,126,4.74,779,94,56,Anemia|Normal,Diabetes
F0282,Egg White Omelette,Non-Veg,286,16.1,46.5,12.2,1.6,12.9,41,5.07,193,114,49,Anemia,None
F0283,Oats,Veg,309,22.5,48.8,14.5,11.5,4.3,18,3.35,606,0,72,LowOxygen|Obesity|Hypertension,Heart
F0284,Salmon,Non-Veg,198,5.6,30.1,2.3,5.5,0.2,122,5.1,678,87,25,Hypertension|LowOxygen|Normal,Diabetes
F0285,Tofu,Veg,233,2.4,45.7,5.8,4.0,4.7,342,1.32,419,0,39,LowOxygen|Diabetes,None
F0286,Boiled Egg,Non-Veg,316,22.5,16.4,18.5,8.7,11.4,192,3.96,424,75,56,Heart,Heart
F0287,Salmon,Non-Veg,314,14.8,49.0,8.6,11.9,17.7,3,3.06,192,56,25,Diabetes,Heart
F0288,Spinach,Veg,145,6.4,36.1,20.4,9.9,8.3,169,4.35,543,0,58,LowOxygen|Hypertension,Diabetes
F0289,Grilled Chicken,Non-Veg,174,2.5,34.4,4.0,9.4,0.8,293,0.97,220,33,74,Heart,Hypertension
F0290,Orange,Veg,93,8.4,36.4,11.8,7.2,4.4,210,3.64,646,0,67,Heart,Heart
F0291,Papaya,Veg,282,21.3,4.1,9.5,2.0,0.3,267,5.17,566,0,58,Normal|Hypertension,None
F0292,Tofu,Veg,69,30.8,31.9,18.8,1.4,13.2,308,3.28,51,0,72,Obesity|LowOxygen|Heart,Hypertension
F0293,Grilled Chicken,Non-Veg,321,15.6,56.3,12.1,11.5,7.0,379,5.46,763,73,21,Hypertension|Anemia,Hypertension
F0294,Quinoa,Veg,195,21.3,32.6,6.4,0.1,14.9,3,3.51,170,0,48,LowOxygen,Diabetes
F0295,Mutton Curry,Non-Veg,235,4.6,25.6,14.6,3.9,10.7,289,2.26,332,87,40,LowOxygen,Hypertension
F0296,Almonds,Veg,336,19.9,15.2,7.7,5.2,14.1,376,0.91,725,0,22,Hypertension|LowOxygen|Normal,None
F0297,Chickpeas,Veg,255,27.7,48.1,15.4,10.3,1.0,199,5.79,55,0,66,Normal,Diabetes
F0298,Chicken Breast,Non-Veg,272,4.0,15.8,9.3,9.1,14.5,205,3.72,583,36,60,Diabetes|Hypertension|LowOxygen,Hypertension
F0299,Carrot,Veg,315,10.7,2.0,15.0,7.7,4.6,86,4.08,418,0,30,Diabetes|Hypertension|Normal,Heart
F0300,Chicken Soup,Non-Veg,252,14.8,12.0,0.4,10.6,18.4,281,1.78,622,117,52,Anemia|Normal,Diabetes
F0301,Curd,Veg,256,20.5,15.7,10.2,1.6,1.4,150,2.11,169,0,66,Anemia|Heart|Obesity,Heart
F0302,Mutton Curry,Non-Veg,338,17.4,14.6,8.5,11.6,13.6,300,5.19,543,14,31,LowOxygen,Diabetes
F0303,Papaya,Veg,261,33.5,31.0,0.2,12.5,5.0,47,2.45,400,0,19,Hypertension|LowOxygen|Anemia,Heart
F0304,Sweet Potato,Veg,187,7.2,44.8,23.3,2.9,14.7,120,4.44,321,0,28,Hypertension,Diabetes
F0305,Fish Curry,Non-Veg,104,5.1,4.7,23.9,7.4,0.1,277,5.75,543,47,54,LowOxygen|Heart,Heart
F0306,Fish Curry,Non-Veg,311,10.5,13.3,14.4,0.8,16.0,244,5.64,83,64,37,Normal|Obesity,Diabetes
F0307,Boiled Egg,Non-Veg,315,16.6,41.4,0.3,3.2,11.6,166,2.23,315,23,50,Hypertension|Anemia,Hypertension
F0308,Chicken Soup,Non-Veg,144,18.0,12.6,17.5,5.6,17.1,143,2.76,635,16,51,Hypertension|Diabetes|Anemia,Diabetes
F0309,Mutton Curry,Non-Veg,150,6.0,57.5,3.7,12.1,3.5,255,0.89,695,66,49,Anemia|LowOxygen|Normal,Heart
F0310,Walnuts,Veg,100,24.5,3.6,20.3,7.1,12.6,230,4.49,316,0,38,Heart|Normal,Heart
F0311,Grilled Chicken,Non-Veg,260,5.1,52.0,24.1,3.0,11.5,332,3.28,341,45,35,Heart|LowOxygen|Obesity,None
F0312,Chicken Breast,Non-Veg,196,16.8,57.4,21.7,9.6,18.6,215,3.82,635,51,69,Diabetes,Diabetes
F0313,Salmon,Non-Veg,210,11.8,17.5,6.7,9.7,5.4,227,4.71,421,95,52,LowOxygen|Normal|Hypertension,Diabetes
F0314,Spinach,Veg,170,23.5,56.4,17.5,1.2,3.3,52,0.66,534,0,50,Diabetes,Hypertension
F0315,Millet,Veg,184,22.0,5.1,23.3,5.8,4.6,377,1.78,691,0,23,Heart,Diabetes
F0316,Brown Rice,Veg,232,30.3,19.5,11.9,14.6,10.8,139,3.34,188,0,75,Heart|Hypertension|Normal,Hypertension
F0317,Prawn Curry,Non-Veg,323,11.5,20.8,13.5,12.1,8.8,187,2.53,209,38,15,Heart,Diabetes
F0318,Tuna,Non-Veg,290,19.2,41.3,12.3,11.3,6.0,392,2.64,349,76,29,Heart,Heart
F0319,Paneer,Veg,337,15.9,15.0,17.9,9.7,16.6,112,1.65,482,0,55,Heart,Heart
F0320,Prawn Curry,Non-Veg,187,15.0,51.2,4.6,4.3,12.7,316,2.77,767,79,46,Anemia,None
F0321,Brown Rice,Veg,323,1.8,58.3,7.1,1.9,8.8,4,1.47,204,0,15,Hypertension|Anemia,Hypertension
F0322,Egg White Omelette,Non-Veg,240,16.8,47.5,8.3,12.7,19.0,28,1.67,451,9,49,Hypertension|Normal,Heart
F0323,Grilled Chicken,Non-Veg,112,34.1,42.9,9.6,14.6,4.9,17,1.28,146,66,57,LowOxygen,Hypertension
F0324,Chicken Soup,Non-Veg,131,22.4,2.5,23.4,7.8,5.1,326,1.86,419,113,18,Hypertension|Diabetes|Normal,Hypertension
F0325,Grilled Chicken,Non-Veg,135,28.0,35.1,9.9,3.6,19.4,297,4.72,536,88,53,Anemia,None
F0326,Broccoli,Veg,305,4.1,37.1,23.3,15.0,12.5,30,2.2,207,0,59,Normal|Diabetes|Hypertension,Hypertension
F0327,Papaya,Veg,335,27.8,45.4,20.1,6.6,3.9,352,2.33,791,0,23,Diabetes|LowOxygen,Hypertension
F0328,Prawn Curry,Non-Veg,300,7.5,11.2,8.7,11.0,5.5,306,5.5,617,20,19,Hypertension|LowOxygen|Anemia,Heart
F0329,Egg White Omelette,Non-Veg,50,27.4,30.4,18.3,13.2,12.4,186,4.68,294,41,61,Obesity,Hypertension
F0330,Chickpeas,Veg,304,27.0,9.2,7.1,6.1,6.4,49,3.19,118,0,17,Hypertension,None
F0331,Millet,Veg,298,7.5,1.9,16.0,5.8,9.8,319,4.24,312,0,18,Hypertension|Heart,None
F0332,Carrot,Veg,301,32.6,49.9,11.7,9.6,7.2,380,5.64,475,0,67,Normal|Obesity,None
F0333,Prawn Curry,Non-Veg,70,26.0,50.1,1.9,3.2,10.4,51,4.38,594,49,27,Heart,Diabetes
F0334,Lentils,Veg,335,15.1,6.3,16.0,5.4,9.2,340,2.62,156,0,25,Heart,Hypertension
F0335,Fish Curry,Non-Veg,323,34.9,26.6,8.8,4.7,19.8,166,5.08,472,97,55,Normal|Obesity,Heart
F0336,Sweet Potato,Veg,329,8.3,45.9,23.2,3.8,19.2,229,5.76,50,0,61,Anemia,None
F0337,Orange,Veg,53,11.2,13.3,21.4,0.3,16.4,353,4.95,616,0,47,Heart|Normal|Hypertension,None
F0338,Curd,Veg,232,6.3,15.9,22.2,3.7,5.1,153,0.64,459,0,51,Obesity,None
F0339,Egg White Omelette,Non-Veg,138,17.6,53.9,17.6,12.3,1.9,328,1.87,798,103,51,Diabetes|Normal,Heart
F0340,Mutton Curry,Non-Veg,263,32.6,7.2,19.3,11.2,17.0,5,3.84,697,48,18,Heart|Diabetes,Heart
F0341,Papaya,Veg,307,24.7,9.2,16.8,15.0,19.4,385,3.61,566,0,20,LowOxygen,Heart
F0342,Fish Curry,Non-Veg,117,12.4,28.6,18.6,8.2,5.3,204,3.06,764,16,63,LowOxygen,Diabetes
F0343,Mutton Curry,Non-Veg,342,7.7,37.0,18.4,3.7,1.4,397,2.64,751,118,51,Diabetes,Hypertension
F0344,Chicken Soup,Non-Veg,228,7.5,20.7,16.4,11.5,3.4,179,3.74,502,79,24,Diabetes|Hypertension,Diabetes
F0345,Fish Curry,Non-Veg,93,4.8,3.3,23.7,13.9,17.4,147,0.18,760,102,22,LowOxygen|Normal,None
F0346,Salmon,Non-Veg,325,8.2,32.8,18.8,8.2,12.5,72,4.2,734,2,39,Obesity|Heart|Diabetes,Heart
F0347,Brown Rice,Veg,195,7.8,41.8,6.8,7.0,18.9,34,2.39,327,0,57,Anemia|Diabetes|Obesity,Heart
F0348,Salmon,Non-Veg,244,18.3,42.6,22.6,7.3,11.9,45,1.2,562,58,50,Diabetes|Normal|Hypertension,Heart
F0349,Egg White Omelette,Non-Veg,251,26.3,1.1,17.1,5.3,6.0,256,1.73,113,80,31,Normal|Diabetes,Heart
F0350,Spinach,Veg,224,31.5,39.4,2.2,5.7,19.2,313,5.25,752,0,29,Hypertension|Heart,Diabetes
F0351,Tuna,Non-Veg,218,16.3,7.9,16.3,8.7,13.7,103,5.19,366,88,60,Hypertension|LowOxygen|Normal,Diabetes
F0352,Boiled Egg,Non-Veg,335,19.1,43.2,4.6,12.6,2.9,15,4.62,473,52,34,Obesity|Normal,Heart
F0353,Carrot,Veg,104,5.5,1.6,24.6,9.3,12.1,313,1.46,287,0,29,Diabetes|Anemia|Normal,Hypertension
F0354,Chickpeas,Veg,290,25.2,22.4,21.3,7.4,2.8,98,1.44,468,0,63,Anemia,Hypertension
F0355,Carrot,Veg,154,3.2,55.6,24.6,13.0,9.8,166,5.21,302,0,42,Normal|Diabetes,Hypertension
F0356,Mutton Curry,Non-Veg,342,21.2,31.5,21.9,11.8,10.4,231,2.8,93,112,30,Heart|LowOxygen|Diabetes,Hypertension
F0357,Carrot,Veg,199,15.9,53.1,19.3,4.3,3.3,150,3.72,105,0,59,Hypertension|LowOxygen|Obesity,None
F0358,Broccoli,Veg,349,32.9,41.8,3.4,6.2,9.0,91,2.78,779,0,72,LowOxygen,None
F0359,Chicken Soup,Non-Veg,133,25.4,7.4,2.9,6.7,7.3,268,4.27,794,101,47,Hypertension|LowOxygen|Heart,Hypertension
F0360,Broccoli,Veg,221,20.2,39.6,3.8,13.0,3.6,364,0.4,365,0,34,Normal|LowOxygen|Anemia,Diabetes
F0361,Spinach,Veg,153,1.1,45.9,0.3,7.5,10.0,2,3.69,555,0,30,Heart,Hypertension
F0362,Mutton Curry,Non-Veg,276,3.7,36.0,6.1,8.2,12.4,285,4.94,262,6,26,Diabetes,Heart
F0363,Spinach,Veg,66,23.7,50.3,7.5,13.8,1.0,213,5.96,215,0,58,Heart|Obesity,Diabetes
F0364,Chicken Breast,Non-Veg,234,32.7,5.6,7.5,5.5,7.6,34,4.57,613,8,33,Hypertension|Diabetes,Heart
F0365,Prawn Curry,Non-Veg,261,18.8,41.7,15.3,1.6,14.6,322,3.22,139,61,61,Heart|Obesity|Anemia,Hypertension
F0366,Tuna,Non-Veg,319,20.6,37.4,23.2,9.2,9.9,373,3.83,554,103,26,Hypertension|Obesity|Anemia,Diabetes
F0367,Millet,Veg,62,16.8,47.8,18.4,3.1,12.3,212,2.54,391,0,37,Normal|Obesity|Hypertension,None
F0368,Orange,Veg,180,27.9,18.5,12.7,4.9,0.1,351,2.07,455,0,61,Heart|Diabetes|Hypertension,Diabetes
F0369,Chicken Soup,Non-Veg,295,32.1,47.8,16.1,7.2,12.5,274,5.39,523,100,67,Obesity|Diabetes,Heart
F0370,Prawn Curry,Non-Veg,324,1.6,34.6,8.3,13.7,15.9,33,5.82,337,107,16,LowOxygen|Obesity,Diabetes
F0371,Fish Curry,Non-Veg,109,30.4,45.1,17.6,4.7,0.6,211,0.61,293,47,43,Hypertension|Heart,Heart
F0372,Millet,Veg,241,27.7,46.7,22.8,6.7,0.5,247,5.44,207,0,27,LowOxygen|Obesity,Heart
F0373,Fish Curry,Non-Veg,100,29.0,56.3,16.9,2.0,14.5,235,2.39,584,14,15,Diabetes|Obesity,None
F0374,Egg White Omelette,Non-Veg,73,4.5,46.0,18.6,0.3,15.2,327,5.36,378,25,27,Anemia|Heart,Heart
F0375,Boiled Egg,Non-Veg,189,6.1,16.4,0.4,9.3,10.3,105,3.3,612,40,32,Obesity,Heart
F0376,Broccoli,Veg,86,11.6,53.5,13.5,0.8,0.6,345,0.4,442,0,18,LowOxygen,Hypertension
F0377,Beetroot,Veg,278,22.0,18.7,20.4,10.7,13.4,273,0.56,526,0,51,Diabetes,Hypertension
F0378,Curd,Veg,208,24.3,42.6,11.6,3.5,4.5,315,1.62,422,0,40,Obesity,Heart
F0379,Egg White Omelette,Non-Veg,299,2.0,28.5,8.8,6.9,3.4,393,2.16,638,16,47,LowOxygen,None
F0380,Prawn Curry,Non-Veg,86,27.9,32.0,10.0,6.2,12.4,280,1.04,543,49,19,Hypertension|Obesity,Hypertension
F0381,Chicken Breast,Non-Veg,225,19.5,14.2,16.6,1.2,18.6,293,5.04,167,75,53,Anemia|Heart,None
F0382,Fish Curry,Non-Veg,207,33.5,4.2,2.7,12.2,15.4,194,2.03,710,84,18,Hypertension,Diabetes
F0383,Spinach,Veg,126,16.4,17.5,15.4,6.7,4.1,162,1.87,745,0,34,Obesity|Anemia,None
F0384,Beetroot,Veg,311,14.7,7.7,7.4,5.5,11.0,27,0.1,623,0,67,Diabetes|Anemia,None
F0385,Paneer,Veg,251,22.3,42.7,10.2,6.5,4.2,88,2.9,242,0,50,Normal|Anemia,Hypertension
F0386,Orange,Veg,114,5.6,4.3,0.4,10.8,9.7,223,5.85,189,0,20,Obesity,Hypertension
F0387,Chicken Breast,Non-Veg,267,22.2,27.3,10.6,12.3,7.7,115,1.2,669,0,51,Normal|Obesity,Diabetes
F0388,Mutton Curry,Non-Veg,329,20.6,2.0,0.9,7.2,7.4,297,2.94,757,10,24,Obesity|Heart|Anemia,Hypertension
F0389,Chickpeas,Veg,95,9.3,37.8,16.6,10.0,13.7,276,4.81,369,0,54,Anemia,None
F0390,Egg White Omelette,Non-Veg,312,31.8,34.4,8.3,5.3,19.6,150,1.81,86,88,74,Obesity|Anemia|Heart,Heart
F0391,Tofu,Veg,346,6.7,3.1,24.8,12.1,12.5,146,2.96,179,0,47,Normal,Heart
F0392,Fish Curry,Non-Veg,193,10.4,15.4,18.5,9.1,18.2,378,0.99,507,47,66,Anemia,Diabetes
F0393,Fish Curry,Non-Veg,320,30.3,20.6,2.1,2.2,18.7,78,5.04,472,98,39,Obesity,Hypertension
F0394,Carrot,Veg,345,26.0,20.7,16.1,11.3,2.3,85,2.84,537,0,34,Obesity|Heart,Diabetes
F0395,Mutton Curry,Non-Veg,292,9.9,31.8,10.9,4.3,15.9,195,4.1,592,87,17,Heart,Heart
F0396,Chicken Breast,Non-Veg,189,12.4,16.0,2.5,9.8,7.8,395,4.08,297,93,58,Normal|Hypertension|Heart,Heart
F0397,Papaya,Veg,330,1.4,0.5,1.7,6.2,10.5,350,2.73,274,0,61,Anemia|Hypertension,None
F0398,Beetroot,Veg,97,2.9,35.6,22.3,3.3,12.0,62,4.28,172,0,20,Hypertension|LowOxygen|Heart,Diabetes
F0399,Broccoli,Veg,179,11.0,39.6,1.9,6.8,19.9,393,2.62,733,0,64,Anemia|Hypertension,None
F0400,Grilled Chicken,Non-Veg,245,14.2,59.8,6.5,12.2,3.6,35,3.0,255,78,40,Obesity,Hypertension
F0401,Spinach,Veg,326,27.1,13.1,16.1,13.7,14.3,52,0.31,122,0,51,Anemia|LowOxygen|Diabetes,Hypertension
F0402,Oats,Veg,69,23.6,16.0,17.5,13.6,11.5,263,4.27,552,0,45,LowOxygen|Obesity,None
F0403,Oats,Veg,246,33.4,49.1,12.1,8.5,18.7,183,2.07,360,0,40,Obesity,None
F0404,Prawn Curry,Non-Veg,224,3.7,27.6,19.2,9.7,3.5,20,5.81,726,24,34,LowOxygen|Diabetes|Anemia,Hypertension
F0405,Curd,Veg,147,5.8,11.6,18.0,8.9,9.8,32,4.78,708,0,34,Heart|LowOxygen,None
F0406,Papaya,Veg,78,12.5,43.3,10.1,3.2,13.1,267,2.8,744,0,70,Hypertension|Obesity|Heart,Diabetes
F0407,Brown Rice,Veg,122,17.6,1.1,22.7,9.3,4.9,332,0.87,226,0,55,Anemia,None
F0408,Chicken Breast,Non-Veg,137,29.4,3.8,20.4,1.7,11.9,315,1.4,257,54,36,Obesity|LowOxygen|Anemia,None
F0409,Papaya,Veg,159,27.0,35.6,8.4,1.8,2.8,212,1.09,428,0,50,LowOxygen,Diabetes
F0410,Spinach,Veg,101,27.9,37.9,9.4,2.4,17.6,41,0.14,233,0,74,Obesity,Heart
F0411,Egg White Omelette,Non-Veg,114,8.0,38.4,13.1,6.2,18.8,312,4.18,660,23,60,Heart|Diabetes,Heart
F0412,Mutton Curry,Non-Veg,52,20.0,11.5,24.7,14.7,12.4,389,5.92,569,28,44,Obesity|Hypertension|Anemia,None
F0413,Millet,Veg,126,24.3,58.1,11.9,2.6,13.4,22,0.42,422,0,33,LowOxygen,Heart
F0414,Chicken Breast,Non-Veg,282,2.5,44.4,23.1,2.6,15.7,248,3.14,122,114,30,LowOxygen|Heart|Obesity,Heart
F0415,Salmon,Non-Veg,216,8.8,6.6,5.7,3.6,8.3,102,2.32,275,9,45,LowOxygen|Diabetes|Normal,Diabetes
F0416,Beetroot,Veg,282,7.1,22.4,11.4,2.9,7.2,138,1.29,180,0,17,Heart|Diabetes|Anemia,Diabetes
F0417,Curd,Veg,284,15.2,45.6,5.5,4.4,3.1,326,5.72,224,0,51,Normal|Hypertension|Diabetes,Hypertension
F0418,Salmon,Non-Veg,292,29.5,16.8,18.3,11.0,4.9,167,2.66,277,114,74,Hypertension|Heart|Diabetes,Hypertension
F0419,Brown Rice,Veg,290,25.9,30.3,10.6,5.9,16.2,356,4.95,513,0,46,Diabetes,None
F0420,Salmon,Non-Veg,117,13.2,14.3,25.0,0.2,13.4,82,4.25,634,95,52,LowOxygen,Hypertension
F0421,Walnuts,Veg,144,27.9,22.2,11.6,9.5,17.2,36,2.37,757,0,36,Diabetes|Anemia|LowOxygen,Heart
F0422,Quinoa,Veg,221,26.0,3.3,23.6,10.1,17.8,56,2.36,526,0,54,Anemia,Heart
F0423,Lentils,Veg,84,20.1,46.4,3.5,5.0,10.8,332,2.92,644,0,70,Hypertension|Obesity|Normal,Heart
F0424,Tuna,Non-Veg,307,24.1,16.6,1.6,5.2,9.7,269,4.99,531,90,49,Normal|Heart|Anemia,Hypertension
F0425,Boiled Egg,Non-Veg,146,31.3,27.5,2.0,13.5,5.8,39,0.75,332,14,59,LowOxygen,Diabetes
F0426,Chickpeas,Veg,61,11.0,58.2,13.5,2.0,6.9,227,4.45,71,0,33,Diabetes,None
F0427,Chickpeas,Veg,221,15.0,20.6,16.2,4.9,11.9,356,3.23,611,0,43,Anemia|Heart,Diabetes
F0428,Fish Curry,Non-Veg,183,8.7,22.3,7.2,12.7,3.0,145,2.79,220,79,74,Obesity,Heart
F0429,Broccoli,Veg,128,6.5,7.0,24.8,8.6,8.8,189,1.19,625,0,60,Obesity,Heart
F0430,Fish Curry,Non-Veg,240,16.2,58.5,13.3,1.8,0.5,255,4.63,519,118,35,Diabetes,Heart
F0431,Egg White Omelette,Non-Veg,198,34.0,45.2,24.9,10.0,16.0,373,5.45,502,43,59,Obesity,Hypertension
F0432,Spinach,Veg,332,5.0,1.5,15.4,3.3,7.1,167,0.42,706,0,27,Heart|Hypertension|Anemia,Diabetes
F0433,Quinoa,Veg,325,29.9,40.6,23.9,14.6,7.9,251,1.97,669,0,47,Obesity,Heart
F0434,Fish Curry,Non-Veg,268,13.6,22.4,7.1,5.3,19.6,287,0.62,795,113,43,LowOxygen|Normal|Anemia,Diabetes
F0435,Mutton Curry,Non-Veg,121,29.4,35.9,3.6,4.5,19.8,268,5.92,117,119,52,Diabetes|Normal,Hypertension
F0436,Mutton Curry,Non-Veg,139,19.9,42.6,18.9,2.1,3.7,195,1.81,552,5,67,Normal|Heart,Heart
F0437,Prawn Curry,Non-Veg,287,8.6,47.5,3.9,4.5,12.8,325,2.89,719,85,72,LowOxygen|Hypertension,Hypertension
F0438,Oats,Veg,111,27.0,29.6,24.3,9.0,7.2,246,3.44,314,0,55,LowOxygen|Obesity|Diabetes,Heart
F0439,Banana,Veg,133,20.8,8.8,11.5,10.4,7.1,27,1.71,479,0,55,Diabetes|Anemia,Heart
F0440,Chickpeas,Veg,149,27.1,11.0,2.4,11.3,10.9,161,4.98,751,0,66,Anemia|Obesity,Heart
F0441,Lentils,Veg,346,13.0,8.6,3.4,4.2,15.6,210,2.11,216,0,21,Hypertension,Diabetes
F0442,Lentils,Veg,319,29.8,42.8,17.6,12.0,8.3,39,0.79,184,0,74,LowOxygen,Heart
F0443,Chicken Soup,Non-Veg,121,28.8,53.4,14.9,11.5,6.8,363,1.9,171,28,23,Hypertension|Obesity|Normal,Heart
F0444,Carrot,Veg,116,34.4,25.5,19.1,1.7,0.4,247,4.57,93,0,27,Diabetes,None
F0445,Boiled Egg,Non-Veg,179,2.5,18.1,0.3,1.4,2.5,308,1.31,254,23,57,Diabetes|Normal,Diabetes
F0446,Chicken Breast,Non-Veg,228,13.0,51.3,19.5,9.2,10.1,34,0.68,642,97,15,Hypertension|Obesity|Normal,Heart
F0447,Lentils,Veg,52,34.1,5.9,5.4,7.6,14.2,187,4.22,239,0,43,Diabetes|Hypertension|Anemia,Hypertension
F0448,Salmon,Non-Veg,313,8.7,6.8,24.6,1.9,2.2,69,3.03,419,90,33,Obesity|Diabetes|Normal,Heart
F0449,Boiled Egg,Non-Veg,247,10.6,36.0,7.8,14.6,8.9,283,2.5,488,24,69,Normal,Hypertension
F0450,Fish Curry,Non-Veg,56,35.0,29.5,2.6,6.6,13.2,43,0.8,454,51,59,Diabetes|Obesity|Hypertension,None
F0451,Salmon,Non-Veg,223,7.8,50.6,10.1,3.5,8.5,255,1.74,780,98,52,Anemia|Obesity|LowOxygen,Heart
F0452,Chicken Breast,Non-Veg,257,34.6,30.7,3.7,6.8,2.4,250,3.03,693,120,23,Diabetes,None
F0453,Tofu,Veg,63,34.1,23.0,17.0,2.3,12.4,49,4.59,726,0,63,Normal|LowOxygen|Obesity,Diabetes
F0454,Egg White Omelette,Non-Veg,301,18.2,32.5,20.2,8.1,0.4,391,0.29,490,112,73,LowOxygen,Hypertension
F0455,Mutton Curry,Non-Veg,276,16.6,2.0,13.9,12.9,6.1,361,1.07,491,17,34,LowOxygen|Normal|Diabetes,Hypertension
F0456,Egg White Omelette,Non-Veg,337,30.0,30.4,9.8,7.4,19.4,315,4.09,341,41,18,Heart,None
F0457,Almonds,Veg,228,28.5,35.0,19.1,9.4,7.6,219,2.14,415,0,41,Diabetes|Obesity,Diabetes
F0458,Apple,Veg,209,21.1,54.6,1.6,4.6,6.8,10,3.28,88,0,44,Normal|LowOxygen|Heart,Hypertension
F0459,Grilled Chicken,Non-Veg,290,21.0,59.1,9.4,5.9,11.5,250,0.69,741,26,36,Heart|Obesity,Heart
F0460,Beetroot,Veg,203,13.4,26.2,12.4,12.7,15.7,274,1.36,321,0,18,Heart|LowOxygen,Diabetes
F0461,Sweet Potato,Veg,98,21.1,16.4,14.2,8.0,8.5,177,4.79,717,0,67,Heart|Anemia,Hypertension
F0462,Salmon,Non-Veg,262,14.7,37.5,11.3,11.5,3.6,9,3.8,578,110,26,LowOxygen|Hypertension|Normal,Heart
F0463,Chicken Breast,Non-Veg,80,18.8,21.9,3.7,2.3,13.7,153,5.08,470,40,70,Obesity,Diabetes
F0464,Tuna,Non-Veg,196,23.0,15.4,15.0,6.1,2.3,98,0.26,367,59,46,LowOxygen|Normal|Diabetes,Diabetes
F0465,Banana,Veg,119,2.0,47.4,6.9,8.3,12.9,21,5.79,547,0,65,Diabetes,None
F0466,Chicken Breast,Non-Veg,202,30.5,54.0,10.2,5.5,13.1,46,2.44,791,107,23,Diabetes,None
F0467,Egg White Omelette,Non-Veg,96,9.1,7.3,20.2,4.9,11.7,199,4.85,291,119,42,Hypertension,None
F0468,Carrot,Veg,190,15.9,15.3,14.7,7.4,7.5,57,1.97,483,0,45,Hypertension|Anemia|Normal,Heart
F0469,Chicken Soup,Non-Veg,207,1.7,58.0,15.1,12.6,13.2,27,4.18,737,30,31,LowOxygen|Anemia|Obesity,None
F0470,Curd,Veg,248,1.3,57.6,23.2,13.8,6.0,387,1.49,265,0,70,LowOxygen,Heart
F0471,Grilled Chicken,Non-Veg,190,30.5,49.4,23.5,7.1,8.3,170,4.33,152,105,25,Anemia|Heart|Diabetes,Heart
F0472,Chicken Breast,Non-Veg,330,26.1,27.2,0.7,0.8,12.8,322,2.72,706,17,15,Hypertension|Obesity,Heart
F0473,Chicken Breast,Non-Veg,92,4.8,15.0,17.8,11.5,13.0,66,5.1,752,52,65,LowOxygen|Normal,Diabetes
F0474,Fish Curry,Non-Veg,217,28.2,11.9,10.4,2.7,17.5,292,1.42,73,118,50,Heart|Obesity|Hypertension,None
F0475,Salmon,Non-Veg,184,24.8,10.1,10.0,6.4,5.2,45,5.75,224,72,22,Obesity,Hypertension
F0476,Egg White Omelette,Non-Veg,110,8.6,12.2,23.7,12.2,5.3,382,3.02,183,55,69,Heart,Diabetes
F0477,Salmon,Non-Veg,264,7.1,47.5,0.7,14.6,4.7,230,5.45,428,74,58,LowOxygen|Diabetes|Obesity,Hypertension
F0478,Papaya,Veg,253,24.4,42.8,17.7,11.0,5.1,48,3.39,103,0,36,LowOxygen,Heart
F0479,Oats,Veg,179,18.2,22.9,24.4,10.1,2.6,286,0.34,233,0,31,Heart,Hypertension
F0480,Egg White Omelette,Non-Veg,117,4.0,42.6,10.8,3.9,6.3,65,3.05,337,95,38,Anemia|Normal,Heart
F0481,Mutton Curry,Non-Veg,134,11.7,59.7,19.1,2.3,17.1,336,3.86,500,6,27,Diabetes,Diabetes
F0482,Brown Rice,Veg,290,9.8,42.4,10.9,14.9,18.5,20,2.7,776,0,50,LowOxygen|Normal,None
F0483,Millet,Veg,228,4.2,52.1,4.5,2.5,10.2,139,3.42,729,0,52,Heart,None
F0484,Paneer,Veg,89,9.4,29.9,2.4,4.9,5.7,348,0.82,432,0,52,Normal,Heart
F0485,Oats,Veg,91,16.6,42.5,12.0,9.4,5.4,336,0.13,94,0,56,LowOxygen|Anemia|Heart,Diabetes
F0486,Brown Rice,Veg,194,12.0,3.3,1.8,14.3,7.6,204,1.61,295,0,64,Diabetes|Normal,Diabetes
F0487,Walnuts,Veg,256,10.7,45.2,16.4,1.8,9.8,221,4.44,367,0,72,Heart|Hypertension|Anemia,None
F0488,Prawn Curry,Non-Veg,152,17.6,53.1,11.9,8.4,8.5,387,2.59,427,78,26,Obesity|LowOxygen,None
F0489,Chickpeas,Veg,224,34.1,40.6,16.2,10.7,18.6,269,3.81,587,0,20,LowOxygen|Normal,None
F0490,Tuna,Non-Veg,126,34.5,41.1,7.5,3.7,8.6,291,0.38,128,117,17,Diabetes|Heart|LowOxygen,Hypertension
F0491,Curd,Veg,341,28.6,21.3,14.6,11.5,0.3,379,4.0,233,0,65,Normal,Hypertension
F0492,Quinoa,Veg,263,30.8,17.9,14.7,6.8,13.4,319,4.87,399,0,73,Hypertension,Diabetes
F0493,Beetroot,Veg,182,30.6,6.4,13.4,0.1,2.3,87,3.97,521,0,59,Normal|Obesity,Hypertension
F0494,Chicken Breast,Non-Veg,234,24.5,57.8,16.9,12.1,1.8,69,0.18,164,104,16,Hypertension|Diabetes|Normal,Hypertension
F0495,Apple,Veg,273,29.6,51.5,13.5,1.3,15.4,75,2.9,72,0,22,Hypertension,Hypertension
F0496,Egg White Omelette,Non-Veg,60,30.2,35.1,5.0,8.5,16.7,26,2.07,155,80,69,LowOxygen|Normal|Obesity,Heart
F0497,Tofu,Veg,254,17.5,35.5,15.3,10.2,16.3,249,1.47,112,0,48,LowOxygen,Heart
F0498,Banana,Veg,263,31.2,7.0,15.6,9.7,9.0,223,0.22,344,0,61,LowOxygen,Heart
F0499,Salmon,Non-Veg,309,8.5,54.5,8.5,9.0,16.8,336,2.86,350,92,60,LowOxygen|Obesity,Heart
F0500,Fish Curry,Non-Veg,156,10.6,45.0,16.7,1.9,4.0,310,3.0,475,120,46,Hypertension|Normal,None
F0501,Orange Juice,Veg,110,8.0,18.0,1.0,6.0,6.0,18,1.2,480,0,52,LowOxygen|Normal,Diabetes
F0502,Apple Juice,Veg,105,7.0,17.0,1.0,5.0,6.0,12,0.9,420,0,56,Normal,Diabetes
F0503,Pomegranate Juice,Veg,120,9.0,20.0,1.0,6.0,7.0,15,1.1,520,0,54,LowOxygen|Heart,Diabetes
F0504,Carrot Juice,Veg,95,8.0,14.0,0.8,6.5,5.0,40,1.5,410,0,48,Obesity|Normal,None
F0505,Beetroot Juice,Veg,100,8.0,15.0,0.8,6.0,5.0,55,1.8,470,0,50,Hypertension|Normal,Diabetes
F0506,Coconut Water,Veg,60,3.0,10.0,0.5,3.0,3.0,35,0.5,610,0,45,Hypertension|LowOxygen,None
